,msq,feat,tv
0,10.0,369.40960693359375,0.009994195774197578
